{"cameraMode":{"drawMode":0,"name":"Shaded","section":"Shading Mode"},"sceneLighting":false,"audioPlay":false,"sceneViewState":{"showFog":true,"showMaterialUpdate":true,"showSkybox":false,"showFlares":true,"showImageEffects":true,"showParticleSystems":true},"in2DMode":false,"pivot":{"x":-1.161864995956421,"y":2.190000057220459,"z":5.153591156005859},"rotation":{"x":-0.25588762760162356,"y":0.6554816365242004,"z":-0.25265902280807497,"w":-0.6642301678657532},"size":0.5796458721160889,"orthographic":false}