{"cameraMode":{"drawMode":0,"name":"Shaded","section":"Shading Mode"},"sceneLighting":true,"audioPlay":false,"sceneViewState":{"showFog":true,"showMaterialUpdate":true,"showSkybox":true,"showFlares":true,"showImageEffects":true,"showParticleSystems":true},"in2DMode":false,"pivot":{"x":4.6659932136535648,"y":1.2822184562683106,"z":-3.998314142227173},"rotation":{"x":-0.06879150867462158,"y":0.9186651706695557,"z":-0.18463090062141419,"w":-0.3426494896411896},"size":13.622393608093262,"orthographic":false}