{"cameraMode":{"drawMode":0,"name":"Shaded","section":"Shading Mode"},"sceneLighting":false,"audioPlay":false,"sceneViewState":{"showFog":true,"showMaterialUpdate":false,"showSkybox":false,"showFlares":true,"showImageEffects":true,"showParticleSystems":true},"in2DMode":false,"pivot":{"x":-0.002007603645324707,"y":4.2777886390686039,"z":0.0016589164733886719},"rotation":{"x":-0.15795014798641206,"y":0.8420405387878418,"z":-0.35980224609375,"w":-0.3696839213371277},"size":4.883634090423584,"orthographic":false}